time,context,like_count,comments_count,hashtags
2019-04-17 23:10:46,"Seeing DisneyNature's Penguins in IMAX! Always a tradition for me to see DisneyNature films at least once opening week to support conservation causes 
#penguins #disneynature #documentary #nature #animals #movies #film #youtuber #smallyoutuber #lgbt #lgbtq #gay #instagay #gaysofinstagram #bi #biboy #biguys #cute #adorable #disney",10,0,"['penguins', 'disneynature', 'documentary', 'nature', 'animals', 'movies', 'film', 'youtuber', 'smallyoutuber', 'lgbt', 'lgbtq', 'gay', 'instagay', 'gaysofinstagram', 'bi', 'biboy', 'biguys', 'cute', 'adorable', 'disney']"
2019-04-17 23:10:12,"Where‚Äôs your #tropical #oasis ?? #comment #tropicalpenguinclothing üèùüêß‚†Ä
.‚†Ä
.‚†Ä
.‚†Ä
.‚†Ä
#donate #charity #foragoodcause #fashionshop #summeroutfit #clothingboutique #clothinglabel #tropicallife #clothingshop #clothingonline #trendy #charitable #shopsmall #shopoholics #summerclothes #savethepenguins #beachclothes #beachlife #beachbum #penguins #clothingbrand #ethicalclothing #sustainableclothing #conservation #shopboutiques",30,0,"['tropical', 'oasis', 'comment', 'tropicalpenguinclothing', 'donate', 'charity', 'foragoodcause', 'fashionshop', 'summeroutfit', 'clothingboutique', 'clothinglabel', 'tropicallife', 'clothingshop', 'clothingonline', 'trendy', 'charitable', 'shopsmall', 'shopoholics', 'summerclothes', 'savethepenguins', 'beachclothes', 'beachlife', 'beachbum', 'penguins', 'clothingbrand', 'ethicalclothing', 'sustainableclothing', 'conservation', 'shopboutiques']"
2019-04-17 23:07:16,"RIP Tampa and Pittsburgh.
.
.
.
Lots of tags today.
.
#nhl #nhlmemes #nhlmeme #hockey #hockeymemes #stanleycupplayoffs #stanleycup #penguins #lightning #mapleleafs #leafs #capitals #capsmemes #islanders #newyorkislanders #pittsburghpenguins #columbusbluejackets #bluejackets #goon",5,0,"['nhl', 'nhlmemes', 'nhlmeme', 'hockey', 'hockeymemes', 'stanleycupplayoffs', 'stanleycup', 'penguins', 'lightning', 'mapleleafs', 'leafs', 'capitals', 'capsmemes', 'islanders', 'newyorkislanders', 'pittsburghpenguins', 'columbusbluejackets', 'bluejackets', 'goon']"
2019-04-17 23:00:57,"Catch you on the flip side! Follow Steve as he comes of age, struggles for survival, and experiences fatherhood. Did we mention Ed Helms is narrating? #DisneynaturePenguins‚Å£
‚Å£
‚Å£
‚Å£
@disneynature #Penguins #Penguin #Nature #NatureDocumentary #Documentary @edhelms #EdHelms #ShowcaseCinemas #Cute #Animal #Animals #DisneyNature  #ComingSoon #NowPlaying #Popcorn #KidsMovie #Movie #Movies #Photo #PhotoOfTheDay #Watching #MovieTheater #Popcorn",11,0,"['disneynaturepenguins', 'penguins', 'penguin', 'nature', 'naturedocumentary', 'documentary', 'edhelms', 'showcasecinemas', 'cute', 'animal', 'animals', 'disneynature', 'comingsoon', 'nowplaying', 'popcorn', 'kidsmovie', 'movie', 'movies', 'photo', 'photooftheday', 'watching', 'movietheater', 'popcorn']"
2019-04-17 22:59:52,#penguin #penguins #penguinsofantarctica #penguinsofinstagram #antarctica #Antarctica2019 #marathontours #oneoceanexpeditions #thetraveling_trooper #travel #seetheworld #seetheworldwithme #globetrotter #travelmore #keepexploring #exploremore #mybagsarepacked #passportready #livetotravel #wheretonext #wanderlust #snapbridge #nikon #nikond3500,7,0,"['penguin', 'penguins', 'penguinsofantarctica', 'penguinsofinstagram', 'antarctica', 'antarctica2019', 'marathontours', 'oneoceanexpeditions', 'thetraveling_trooper', 'travel', 'seetheworld', 'seetheworldwithme', 'globetrotter', 'travelmore', 'keepexploring', 'exploremore', 'mybagsarepacked', 'passportready', 'livetotravel', 'wheretonext', 'wanderlust', 'snapbridge', 'nikon', 'nikond3500']"
2019-04-17 23:14:25,"DF&A is excited for the premiere of the new PBS series BREAKTHROUGH, narrated by Patrick Stewart. Six episodes, each on a different world-changing invention, including tonight‚Äôs Telescope and, on May 8, the Car ‚Äî hosted by our own @dannyforster. Have a look!

#dannyforster #breakthrough #pbs #innovation #inventions #patrickstewart #sirpatrickstewart #documentary",0,0,"['dannyforster', 'breakthrough', 'pbs', 'innovation', 'inventions', 'patrickstewart', 'sirpatrickstewart', 'documentary']"
2019-04-17 23:12:24,"We're thrilled to have actress @chrissymetz who stars in @breakthroughmovie (opening today) on our April cover! In our exclusive video she shares her very personal connection to Guideposts. You can read Chrissy's inspiring story and how she related to her role as mom Joyce Smith whose prayers helped save her son by clicking the link in our bio! .
.
.
Do you have a personal connection to the magazine? Has Guideposts made a difference in your life? Let us know in the comments below!
.
.
.
#chrissymetz #breakthrough #breakthroughmovie #thisisus #thisisme #inspiringactress #inspiringsinger #truestories #inspiringstories #inspiration #inspiremyinstagram #prayer #faith #hope #nevergiveup ¬†#inspirational #inspiremyinstagram #positivevibes #goodvibes #positivity #positivethinker #powerofpositivethinking #guideposts #guidepostsmagazine",2,0,"['chrissymetz', 'breakthrough', 'breakthroughmovie', 'thisisus', 'thisisme', 'inspiringactress', 'inspiringsinger', 'truestories', 'inspiringstories', 'inspiration', 'inspiremyinstagram', 'prayer', 'faith', 'hope', 'nevergiveup', 'inspirational', 'inspiremyinstagram', 'positivevibes', 'goodvibes', 'positivity', 'positivethinker', 'powerofpositivethinking', 'guideposts', 'guidepostsmagazine']"
2019-04-17 23:11:35,"Spirit
#bonniealder #spirituality #spirit #spiritual #spiritualfreedom #breakthrough #change #freedom #motivation #motivationalquotes #qotd #quotestoliveby #quoteoftheday #truth #mywords #breathe #breatheagain #writersofinstagram #writingcommunity #writing #writer #timeheals #poetry #poetrycommunity",1,0,"['bonniealder', 'spirituality', 'spirit', 'spiritual', 'spiritualfreedom', 'breakthrough', 'change', 'freedom', 'motivation', 'motivationalquotes', 'qotd', 'quotestoliveby', 'quoteoftheday', 'truth', 'mywords', 'breathe', 'breatheagain', 'writersofinstagram', 'writingcommunity', 'writing', 'writer', 'timeheals', 'poetry', 'poetrycommunity']"
2019-04-17 23:09:56,Watching breakthrough #breakthrough #aloneinthemovies,0,0,"['breakthrough', 'aloneinthemovies']"
2019-04-17 23:08:32,"We have been apologizing since the dawn of time! It‚Äôs time for a new era, new paradigm, new woman! No more self shaming and making self smaller or limiting yourself from having the lover, job or opportunity you want. This past Sunday we created magic with our Unapologetically Woman Intensive! The intensive is now up in our shop, link in bio, and we cannot urge you enough to join us in freeing yourself and the collective from hundreds of years of bondage, beliefs and sooooo much more! #nomomfail #nomoremommymartyrs #selflove #women #womensrights #equality #transformation #findingyourpower #newearth #newparadigm #moms #healing #breakthrough #unapologetic",17,1,"['nomomfail', 'nomoremommymartyrs', 'selflove', 'women', 'womensrights', 'equality', 'transformation', 'findingyourpower', 'newearth', 'newparadigm', 'moms', 'healing', 'breakthrough', 'unapologetic']"
2019-04-17 23:09:20,".
O father, o satan, o sun
Let the children come to thee
Behold the morning star
#fallenangel #morningstar #hailsatan #666 #behemoth",6,0,"['fallenangel', 'morningstar', 'hailsatan', '666', 'behemoth']"
2019-04-17 23:00:03,... #666 #baphomet #black #blackmagic #blasphemy #beast #cult¬†#dark #darkfeed #darkhumor #darklord #darkness #demon #devil #gore #hailsatan #hell #horror #infernal #instasatan #lucifer #macabre #occult #pain #satan #satanic #satanist #scary #witchcraft,4,0,"['666', 'baphomet', 'black', 'blackmagic', 'blasphemy', 'beast', 'cult', 'dark', 'darkfeed', 'darkhumor', 'darklord', 'darkness', 'demon', 'devil', 'gore', 'hailsatan', 'hell', 'horror', 'infernal', 'instasatan', 'lucifer', 'macabre', 'occult', 'pain', 'satan', 'satanic', 'satanist', 'scary', 'witchcraft']"
2019-04-17 22:55:58,"Posted @withrepost ‚Ä¢ @blackness_clothing New designs are coming soon...
‚Ä¢ DARK ART & CUSTOM DESIGNS
üî•The Sigil of Luzifer üî•
‚Ä¢ coming soon ... ‚Ä¢ Shop Link in bio ‚Ä¢ Make sure you follow @blackness_clothing for more unique and custom designs!
‚Ä¢
‚Ä¢
‚Ä¢
‚Ä¢
‚Ä¢
‚Ä¢
 #blacknessclothing #gothic #goth
#gothgothgoth #darkart #gothgoth #blackmetalart #luzifer #sigilofbaphomet #heavymetal 
#sigil #gothstyle #gothicvampire #gothicstyle 
#blackmetal #blackmetalgirls #baphomet #satanic #hailsatan #metalheads 
#occultart #occultism #occultfashion #alternativefashion 
#darkfashion #goths #devilworship #occultclothing #satanicart",10,2,"['blacknessclothing', 'gothic', 'goth', 'gothgothgoth', 'darkart', 'gothgoth', 'blackmetalart', 'luzifer', 'sigilofbaphomet', 'heavymetal', 'sigil', 'gothstyle', 'gothicvampire', 'gothicstyle', 'blackmetal', 'blackmetalgirls', 'baphomet', 'satanic', 'hailsatan', 'metalheads', 'occultart', 'occultism', 'occultfashion', 'alternativefashion', 'darkfashion', 'goths', 'devilworship', 'occultclothing', 'satanicart']"
2019-04-17 22:55:55,"PLEASE CUT MY HEAD OFF üòÄ - I'M NOT LIKE YOU-- It's Day 17 of #30DaysofBandTees - It's hawt as shit here in FL so decided to wear my Crazy and the Brains tank. They're a pretty dope band from New Jersey that mixes a sorta street punk/ alt rock sound with a healthy dash of xylophone. Which anyone who knows me knows I love the fuck outta some well placed xylophone. This band was added to the list of reasons to move to Jersey when I saw them play with LoC a few months back. Not a single soul at work said a thing about Satanic Mickey, so that was pretty neat. #CrazyandtheBrains #NewJerseyPunk #HailSatan",3,2,"['30daysofbandtees', 'crazyandthebrains', 'newjerseypunk', 'hailsatan']"
2019-04-17 22:53:34,"Weird Wednesday .
.
.
.
.
.
.
.
#stayweird #strangesoul #staystrange #ilovetheweird #demonfriend #hailsatan #skullsandbones #fossils",1,0,"['stayweird', 'strangesoul', 'staystrange', 'ilovetheweird', 'demonfriend', 'hailsatan', 'skullsandbones', 'fossils']"
2019-04-17 21:36:17,so gorgeousüòç‚ú®‚ô•Ô∏è @lilyjamesofficial ‚Ä¢‚Ä¢‚Ä¢‚Ä¢‚Ä¢‚Ä¢‚Ä¢‚Ä¢‚Ä¢‚Ä¢‚Ä¢‚Ä¢‚Ä¢‚Ä¢‚Ä¢‚Ä¢‚Ä¢‚Ä¢‚Ä¢‚Ä¢‚Ä¢‚Ä¢‚Ä¢‚Ä¢‚Ä¢‚Ä¢‚Ä¢‚Ä¢‚Ä¢‚Ä¢‚Ä¢‚Ä¢‚Ä¢‚Ä¢‚Ä¢‚Ä¢‚Ä¢‚Ä¢‚Ä¢‚Ä¢‚Ä¢‚Ä¢‚Ä¢‚Ä¢‚Ä¢#lilyjames #ppz #ppzmovie #guernseyliteraryandpotatopeelpiesociety #babydriver #warandpeace #theexception #downtonabbey #mammamia #mammamiahwga #yesterdaymovie #fastgirls #thedarkesthour #cinderella #donnasheridan #debora #explorepage #natasharostova #miekedejong #ladyrosemacclare #julietashton #romeoandjuliet #allabouteve #littlewoods,41,1,"['lilyjames', 'ppz', 'ppzmovie', 'guernseyliteraryandpotatopeelp', 'babydriver', 'warandpeace', 'theexception', 'downtonabbey', 'mammamia', 'mammamiahwga', 'yesterdaymovie', 'fastgirls', 'thedarkesthour', 'cinderella', 'donnasheridan', 'debora', 'explorepage', 'natasharostova', 'miekedejong', 'ladyrosemacclare', 'julietashton', 'romeoandjuliet', 'allabouteve', 'littlewoods']"
2019-04-17 20:05:10,"Critics are calling LITTLE WOODS ""a stunning piece of cinematic artwork."" Experience it here starting Friday + we've got a Q&A Friday (4/19) following the 5:15pm show with Producer Rachel Fung! Tickets/info @ angelikafilmcenter.com! 
#movie #movies #movienight #film #cinema #cinephile #friday #weekend #littlewoods #holidayweekend #easterweekend #certifiedfresh",11,0,"['movie', 'movies', 'movienight', 'film', 'cinema', 'cinephile', 'friday', 'weekend', 'littlewoods', 'holidayweekend', 'easterweekend', 'certifiedfresh']"
2019-04-17 19:48:35,"How fab does @justjoannesjourneys look in this stunning skirt from V by Very @littlewoodsirl, this beauty is on an amazing weight loss journey and it's her first time wearing a skirt in a very long time, u should be so proud of yourself Joanne üíñ. Its stunning on u. 
#littlewoods #casualstyle #styletips #skirt #weightlosstransformation #styleonabudget #fashionforall #fashionbloggerstyle #bargainbuy #bargainfinds #casualstyle",82,9,"['littlewoods', 'casualstyle', 'styletips', 'skirt', 'weightlosstransformation', 'styleonabudget', 'fashionforall', 'fashionbloggerstyle', 'bargainbuy', 'bargainfinds', 'casualstyle']"
2019-04-17 19:19:48,"Very proud to be an EP along with my Water‚Äôs End team! Go see it. Repost from @littlewoodsfilm using @RepostRegramApp - ‚ÄúMarks a stunning debut from writer-director Nia DaCosta.‚Äù - Cultured Vultures

#LittleWoods is now premiering in even more theaters THIS FRIDAY.  Get your tickets for a city near you: littlewoodsmovie.com
#watersendprod #plannedparenthood 
#womeninfilm #femalefilmmakers #femaledirector #indiefilmmaking #indiefilmmaker #tribecafilmfestival #niadacosta #lilyjames #tessathompson #film #movies #newmovies #comingsoon #refinery29 #womenbehindthecamera #firsttimedirector #acclaim #filmreview #femalefilmmakerfriday #femalefilmmaker #aprilmovies #drama #dramafilm #criticschoice #intheaters #moviepremiere",44,3,"['littlewoods', 'watersendprod', 'plannedparenthood', 'womeninfilm', 'femalefilmmakers', 'femaledirector', 'indiefilmmaking', 'indiefilmmaker', 'tribecafilmfestival', 'niadacosta', 'lilyjames', 'tessathompson', 'film', 'movies', 'newmovies', 'comingsoon', 'refinery29', 'womenbehindthecamera', 'firsttimedirector', 'acclaim', 'filmreview', 'femalefilmmakerfriday', 'femalefilmmaker', 'aprilmovies', 'drama', 'dramafilm', 'criticschoice', 'intheaters', 'moviepremiere']"
2019-04-17 19:03:52,"Screencap redraw from the trailer for @littlewoodsfilm directed by @niafromthecoast

#screencapredraw #littlewoodsfilm #littlewoods #tessathompson #lilyjames #niadecosta #traditionalart",7,0,"['screencapredraw', 'littlewoodsfilm', 'littlewoods', 'tessathompson', 'lilyjames', 'niadecosta', 'traditionalart']"
2019-04-17 18:56:22,"When he's cute but weird and you know he's a little rough around the edges. But. He still perf 2 u. ""High on the Hog"" hits theaters THIS WEEKEND! Check out the perf Sid Haig, Joe Estevez and Robert Z'Dar!

Click below for tickets and stuff! :
https://arenascreen.com/

#sidhaig #robertzdar #jesseboyd #joeestevez #adamshalzi #highonthehog",4,0,"['sidhaig', 'robertzdar', 'jesseboyd', 'joeestevez', 'adamshalzi', 'highonthehog']"
2019-04-17 14:10:05,Come on into The Pickled Pig for a delicious ‚ÄúPulled Pork Sandwich‚Äù our ‚ÄúSandwich of The Week‚Äù this week!! #highonthehog #livesimpleeatwell #downtownsmithsfalls,8,0,"['highonthehog', 'livesimpleeatwell', 'downtownsmithsfalls']"
2019-04-17 13:54:13,Come on in to The Pickled Pig for a delicious Pulled Pork Sandwich!! Our ‚ÄúSandwich of The Week‚Äù this week! #highonthehog #livesimpleeatwell #downtownsmithsfalls,6,0,"['highonthehog', 'livesimpleeatwell', 'downtownsmithsfalls']"
2019-04-17 13:54:10,Come on in to The Pickled Pig for a delicious Pulled Pork Sandwich!! Our ‚ÄúSandwich of The Week‚Äù this week! #highonthehog #livesimpleeatwell #downtownsmithsfalls,8,0,"['highonthehog', 'livesimpleeatwell', 'downtownsmithsfalls']"
2019-04-16 23:31:52,"from @highonthehogpei ‚Äî üì£ We‚Äôve entered the FedEx small business grant contest and need your help! üÜò ‚Äî
Winning this contest would allow us to expand in more ways than one. We could purchase a second smoker and hire some new friendly faces... think about it... this means we could attend MORE events all season long, which means WAY MORE opportunities to satisfy those pulled pork cravings! üòõ
‚Äî
We would also love to make some high quality High on the Hog apparel available for purchase...you‚Äôd never lose your group in a crowd again if you‚Äôre wearing our signature bright orange!üß°
‚Äî 
The possibilities are endless, but to get there we need your vote! üó≥ Everyone can vote once every 24 hrs until May 30th when the top 75 finalists will be shortlisted! ‚Äî
Use the link in our bio to read all about us and cast your vote! https://ca.smallbusinessgrant.fedex.com/en-ca/home/detail/df8e70d6-8bc5-43d2-b9b2-a971d54b558a#/gallery/detail/df8e70d6-8bc5-43d2-b9b2-a971d54b558a

#eastcoast #fedex #smallbusiness #eatlocal #noisepei #cbcpei #smokedbbq #bbq #peifoodies #summerside #charlottetown #princeedwardisland #highonthehog",50,1,"['eastcoast', 'fedex', 'smallbusiness', 'eatlocal', 'noisepei', 'cbcpei', 'smokedbbq', 'bbq', 'peifoodies', 'summerside', 'charlottetown', 'princeedwardisland', 'highonthehog']"
2019-04-17 23:16:53,This Easter Bunny creeped me out! Happy early Easter! #easter #scary #petsematary #petsmartparties #petsmart #dogsofinstagram #dogs #husky #pomeranian,1,0,"['easter', 'scary', 'petsematary', 'petsmartparties', 'petsmart', 'dogsofinstagram', 'dogs', 'husky', 'pomeranian']"
2019-04-17 23:16:06,Meet the newest member of the horror POP family. Gage and Church. Now I just need someone to take me to see the new movie #funkopop #horror #horrorfreak #petsematary,2,0,"['funkopop', 'horror', 'horrorfreak', 'petsematary']"
2019-04-17 23:11:48,"I don‚Äôt know who made this, but thank you @adamstilwelll for finding it! #petsematary #humpday #wednesday",8,0,"['petsematary', 'humpday', 'wednesday']"
2019-04-17 23:11:03,Getting settled into my new cubicle. My Starcrawler fan appreciation now has the spots that were empty filled ü•≥ #Starcrawler #Petsematary #Hollywoodending #Shegetsaround #Tanktop ü•∞,0,0,"['starcrawler', 'petsematary', 'hollywoodending', 'shegetsaround', 'tanktop']"
2019-04-17 23:07:54,"Bought another book, safe to say I've got problems üòâüìö .  #bookgram #bookaddict #bookstagram #bookgram #reading #booknerd #bibliophile #bookstagrammer #bookobsessed #igbooks #bookish #bookworm #reader #instabook #stephenking #petsematary #newbook #bookphotography #readersofinstagram #booksofinstagram #potd",8,1,"['bookgram', 'bookaddict', 'bookstagram', 'bookgram', 'reading', 'booknerd', 'bibliophile', 'bookstagrammer', 'bookobsessed', 'igbooks', 'bookish', 'bookworm', 'reader', 'instabook', 'stephenking', 'petsematary', 'newbook', 'bookphotography', 'readersofinstagram', 'booksofinstagram', 'potd']"
2019-04-17 23:17:29,"Swipe üëâüëâ
Christian Dior Sneakers ‚ö´#33 ,000(Naira) 
Whatsappüì± +2348104359793
üìû +2348102956764
Delivery in Lagos: 12-16hrs (Pay on Delivery *T&C Applied) 
Delivery outside Lagos: 2-3days (Payment Validates) 
#topnotch_wears #hustlersquare #timepiece #sneakers  #mall #shopnow #luxury #life #bbnaija #billionaire #sneakerhead #follow #update #konga #lekki #nigerianwedding #festac #lifestyle #african #bhfyp #UK #US  #mensfashion  #nollywood #asoebi #entrepreneur #instagram #naijawedding #lagosshoes",0,0,"['33', 'topnotch_wears', 'hustlersquare', 'timepiece', 'sneakers', 'mall', 'shopnow', 'luxury', 'life', 'bbnaija', 'billionaire', 'sneakerhead', 'follow', 'update', 'konga', 'lekki', 'nigerianwedding', 'festac', 'lifestyle', 'african', 'bhfyp', 'uk', 'us', 'mensfashion', 'nollywood', 'asoebi', 'entrepreneur', 'instagram', 'naijawedding', 'lagosshoes']"
2019-04-17 23:16:58,"FACT! Never miss a workout, more than 3 day in a row! There is a saying everyone post ‚Äú You can‚Äôt get the butt you want, by sitting on it! ‚Äú - everyone on Instagram.  This is true! Get to the gym and get your workout in! You got this! WORK HARD THINK BIG! üí™ü§îüíØ #workhardthinkbig #US #Fitspo¬†#Fitfam¬†#beards ¬†#GymLife #Legday #NoPainNoGain #FitLife #GetStrong #Workout #nevergiveup #ChestDay #SeenOnMyRun #TrainHard #Gains #Strengthtraining #Physiquefreak #Fitness¬†#Bodybuilding¬†#Yoga #CrossFit #FitFluential ¬†#fitnessguys #Flexfriday¬†¬†#Sundayrunday¬†¬†#Instarunners #Gym¬†#cheatdeathnotsets",3,0,"['workhardthinkbig', 'us', 'fitspo', 'fitfam', 'beards', 'gymlife', 'legday', 'nopainnogain', 'fitlife', 'getstrong', 'workout', 'nevergiveup', 'chestday', 'seenonmyrun', 'trainhard', 'gains', 'strengthtraining', 'physiquefreak', 'fitness', 'bodybuilding', 'yoga', 'crossfit', 'fitfluential', 'fitnessguys', 'flexfriday', 'sundayrunday', 'instarunners', 'gym', 'cheatdeathnotsets']"
2019-04-17 23:16:28,"MAU PENGHASILAN 350RB-2JT PERHARINYA SEPERTI BELIAU?
Ketik ""FIX JOIN"" ya üòâ
.
Apakah anda termasuk kriteria dibawah ini?
üëâ Pelajar/mahasiswa yg ingin punya tambahan uang saku?
üëâ Lulus kuliah bingung cari kerja?
üëâ Sudah lama menganggur dan belum juga bekerja?
üëâ Pegawai/karyawan dg gaji pas2an?
üëâ IRT yg ingin punya penghasilan tambahan tanpa ninggalin anak dirumah?
üëâ  SUDAH CAPEK MENCOBA BERBAGAI BISNIS ONLINE TAPI TIDAK ADA HASIL?
.
Kamu bisa hasilkan PULUHAN JUTA di bisnis ini dari hasil OLSHOP dan RESELLER FILE DATABASE, ikuti arahan dan bimbingan saya dengan benar Insya Allah ANTI GAGAL üëç
.
Mau tau caranya? Chat üëá
WA : 085320136328
.
#bisnisonline #bisnisbooming #bisnissampingan #bisnissambilan #kerjasambilan #kerjasampingan #carikerja #loker #lowongankerja #shareloker #infoloker #lokerindonesia #lokerbumn #bisnisjutawan #me #food #kuliner #selfie #us #foodhunter #kediriku #kedirilagi #kedirikekinian #slgkediri #bisnisirt #bisniscerdas #caracepatkaya #love #ootdhijab #hijabhitsindo",0,0,"['bisnisonline', 'bisnisbooming', 'bisnissampingan', 'bisnissambilan', 'kerjasambilan', 'kerjasampingan', 'carikerja', 'loker', 'lowongankerja', 'shareloker', 'infoloker', 'lokerindonesia', 'lokerbumn', 'bisnisjutawan', 'me', 'food', 'kuliner', 'selfie', 'us', 'foodhunter', 'kediriku', 'kedirilagi', 'kedirikekinian', 'slgkediri', 'bisnisirt', 'bisniscerdas', 'caracepatkaya', 'love', 'ootdhijab', 'hijabhitsindo']"
2019-04-17 23:16:27,"Well.... a toddler napping at 4pm.... #NotAGoodLook but at least she looks peaceful lol... (I'll be waking her in T minus 7 minutes with her soon to be grumpy self üòÇ)
.
.
.
.
.
.
.
.
.
.
.
.
.
.
.
.
.
.
.
.
.
.
.
#us #usie #selfie #momlife #mommyandme #cuddles #naptime #nottoolong #wakeywakey #peaceful #myworld #mygirls #mybabies #daughters #sisters #family #blessed #l4l #likesforlikes #instagood #instapost #happy #mommyhood",2,0,"['notagoodlook', 'us', 'usie', 'selfie', 'momlife', 'mommyandme', 'cuddles', 'naptime', 'nottoolong', 'wakeywakey', 'peaceful', 'myworld', 'mygirls', 'mybabies', 'daughters', 'sisters', 'family', 'blessed', 'l4l', 'likesforlikes', 'instagood', 'instapost', 'happy', 'mommyhood']"
2019-04-17 23:16:22,Greetings from Palma üíãü•∞ I love us ‚ù§Ô∏è #happy #happiness #palma #palmademallorca #us #love #spainüá™üá∏,0,0,"['happy', 'happiness', 'palma', 'palmademallorca', 'us', 'love', 'spain']"
2019-04-17 22:40:09,FaceTimeing with the author of this amazing book. #thebestofenemies #oshagraydavidson #bookclub #wisconsinlife,1,0,"['thebestofenemies', 'oshagraydavidson', 'bookclub', 'wisconsinlife']"
2019-04-17 22:21:49,Posted @withrepost ‚Ä¢ @thebestofenemies Get tickets for #TheBestOfEnemies ‚Äì now playing in theaters.,27,0,['thebestofenemies']
2019-04-17 22:17:24,"Tinsel & Tine¬†#MiniMovieReview¬† via¬†Emma Tramble¬†BEST OF ENEMIES - ...At the end of the film, people were clapping. My emotions moved from being mildly inspired to disappointed to furious. In typical Hollywood fashion, this movie manages to make the white man the real star of the film. They re-fashion the KKK into a group that only terrorizes white people. The black people, especially Taraji P. Henson's character, become backdrops for the white character's story. The black folks are never fleshed out and made to be fully realized people who are standing up for justice. If you do choose to see this travesty of nonsense, guard your mind. This film will lull you into thinking that racism wasn't that bad in a southern town in 1971, even though the Klan had a huge presence and was part of every governmental agency.ü§¨- Emma Trabmble

T&T: I will say¬†The Best of Enemies¬†in terms of storytelling and movie making, is well put together, you feel engaged and moved. It's just that you thought you'd feel emotionally invested in Taraji's character, Ann Atwater and instead it's Sam Rockwell's character, C.P. Ellis, which of course is conflicting, as I've never cared about a Klansman before... #MarvelousMovieMaven @thebestofenemies #TheBestOfEnemies #TarajiPHenson #SamRockwell",3,0,"['minimoviereview', 'marvelousmoviemaven', 'thebestofenemies', 'tarajiphenson', 'samrockwell']"
2019-04-17 19:00:16,Get tickets for #TheBestOfEnemies ‚Äì now playing in theaters. Link in Bio.,47,0,['thebestofenemies']
2019-04-17 18:38:04,"I'm glad movies like The Best of Enemies exist. I never knew of a story like this (real talk, schools don't really teach much of anything related to racism due to budget cuts, uncomfortable topic & revisionism). I am glad that I did see it. For a decade, civil rights activist, Ann Atwater (played by Taraji P Henson) & Ku Klux Klan leader C.P. Ellis (Saw Rockwell) agree to co-chair a two-week meeting to vote on the desegregation of schools in Durham, North Carolina. I could give y'all a deeper historical background on the matter, but this is Instagram, not The Smithsonian. In any case, what I enjoyed about this movie, is how it doesn't BS around racism. No overbearing stories from white folks saying ""they don't see color"" or ""one human race"". The focus is mostly on the events of that era. Sam Rockwell continues his run of great acting performances playing Ellis. Taraji, I thought, was really good, as well. Bruce McGill is really good playing as Carvie Oldham. His character is one of the more insidious ones in the film. West Bentley is solid. I will say that makeup department didn't do Henson any favors with her costume while playing Atwater. She looked uncomfortable, at times, playing this person. I don't know how the real Ann Atwater walked, but it looked odd in spots. This movie may require you to do some reading on these people. It couldn't hurt. I've seen the mixed reviews, so I guess I understand some of the complaints, but I thoroughly enjoyed this movie. It felt real, impactful & it's genuine.  #TheBestofEnemies #wandererfilmreviews #tarajiphenson #samrockwell 
4.5 out of 5",10,0,"['thebestofenemies', 'wandererfilmreviews', 'tarajiphenson', 'samrockwell']"
2019-04-17 22:31:30,"""Aries"" the ram.  3""√ó3"" collagraph print.
.
.
.
While counting prints to be signed and numbered I realized that I had yet to print Aries. (Back in January I had only run these through the proofing stage.) I happened to come up with the concept to print all of the zodiac signs during their actual dates starting with ""Taurus"" the bull.  So here, a year later, the project comes to an end.  It's surprisingly ironic to finish at the beginning -- closing the circle at the start of a new cycle. (Aries is the first sign of the zodiac.) I love when unplanned events hold a hidden symbolic significance.  I couldn't have planned it any better.  What a trip it's been. ‚ôâ‚ôä‚ôã‚ôå‚ôç‚ôé‚ôè‚ôê‚ôë‚ôí‚ôì‚ôà
.
.
.
.
.
#fineart #printmaking #collagraph #print #conceptualart #bigideas #planned #unplanned #ironic #irony #cycle #circle #zodiac #sign #symbol #glyph #aries #architype #minimalism #limitededition #cotton #ink #oil #year #procession #whatalongstragetripitsbeen #happening #meditation #learning #perpetualstudent",12,0,"['fineart', 'printmaking', 'collagraph', 'print', 'conceptualart', 'bigideas', 'planned', 'unplanned', 'ironic', 'irony', 'cycle', 'circle', 'zodiac', 'sign', 'symbol', 'glyph', 'aries', 'architype', 'minimalism', 'limitededition', 'cotton', 'ink', 'oil', 'year', 'procession', 'whatalongstragetripitsbeen', 'happening', 'meditation', 'learning', 'perpetualstudent']"
2019-04-17 22:27:00,"The Main Gate. 1 out of the 14 gates #travel #vscocam #morocco #fez #oldest #largest #medina #12thcentury #daytrip #unplanned
Credits @khalisnasir #huaweip30pro",12,0,"['travel', 'vscocam', 'morocco', 'fez', 'oldest', 'largest', 'medina', '12thcentury', 'daytrip', 'unplanned', 'huaweip30pro']"
2019-04-17 22:12:25,"I sell this pro-life design in stickers/decals and tshirts! Stickers are only $5, and tshirts are only $25. Free shipping! DM me if you're interested!

#prolife #chooselife #AliveFromNewYork #focusonthefamily @focusonthefamily @prolifeabbyjohnson @letthemliveorg @i.am.prolife @prolifewi @nationalrighttolife @wisrtl #righttolife #conservative #christian #values #unplanned @unplannedmovie",3,0,"['prolife', 'chooselife', 'alivefromnewyork', 'focusonthefamily', 'righttolife', 'conservative', 'christian', 'values', 'unplanned']"
2019-04-17 22:01:50,"Share this short clip from our president @JohnStemberger to invite your friends to attend our 14th Annual Policy Awards Fundraising Dinner featuring the real Abby Johnson Saturday, May 11th in Orlando!‚†Ä
‚†Ä
You do not want to miss this exciting opportunity to hear her story firsthand and what she is doing now to help other abortion workers leave the industry!‚†Ä
‚†Ä
You can reserve your seat now at the dinner link in our bio or learn more about Abby's story!‚†Ä",10,1,[]
2019-04-17 21:55:32,I would take a slice of cake right now.... #babydos #36weekspregnant #almostthere #sameskirtthreeyearslater #unplanned,10,1,"['babydos', '36weekspregnant', 'almostthere', 'sameskirtthreeyearslater', 'unplanned']"
2019-04-17 22:39:49,"≈Ç ƒê√ò‚Ç¶‚Äô‚ÇÆ ‚±§‚±†‚±†…é ‚Çµ‚Ç≥‚±§…Ü ≈Ç‚Ç£ …é√ò…Ñ ‚Çµ‚±§…é
damn evil hiccup is hot ü•µ
‚Ä¢
‚Ä¢
ac: brb
cc: mine 
creds to artist
[seizure / trigger warning]",39,4,[]
2019-04-17 22:09:38,"PART thREEEEE is out!!
You guys enjoying the story so far?????
.
.
.
.
.
.
.
. Comment what you think!(please)
.
.
.
.
#httydfanfiction #httydfanfic #httydfandom #httydfanfics #howtotrainyourdragonfandom #howtotrainyourdragon #howtotrainyourdragonthehiddenworld",6,0,"['httydfanfiction', 'httydfanfic', 'httydfandom', 'httydfanfics', 'howtotrainyourdragonfandom', 'howtotrainyourdragon', 'howtotrainyourdragonthehiddenw']"
2019-04-17 21:46:50,"Okay im super bored : ~comment what you think üôÉ~ Dt:@galaxy.fury @hix.strid @hofferson.mp4 @pride.dragon.world @storming.rapids @superixr.edits @shamefury @pride.dragon.world @legend.fury @haddockthethird @editorverse @dragon_is_my_life @furyclips @furydreams
{tags}
#editz4fun #editzz #editz #moodeditz #howtotrainyourdragonedit #howtotrain #howtotrainyourdragonart #howtotrainyourdragonfandom #howtotrainyourdragon #howtotrainyourdragon3 #howtotrainyourdragonthehiddenworld #thehiddenworld #dragonXgrprct #hiccxt√∏√∏thgrp
#hixfurygrp #boreditorsgrp
#multixversegrp",27,15,"['editz4fun', 'editzz', 'editz', 'moodeditz', 'howtotrainyourdragonedit', 'howtotrain', 'howtotrainyourdragonart', 'howtotrainyourdragonfandom', 'howtotrainyourdragon', 'howtotrainyourdragon3', 'howtotrainyourdragonthehiddenw', 'thehiddenworld', 'dragonxgrprct', 'hiccxt√∏√∏thgrp', 'hixfurygrp', 'boreditorsgrp', 'multixversegrp']"
2019-04-17 21:21:10,"Another redraw 
2019 vs 2018
#toothless #toothlessthedragon #toothlessandlightfury #toohlessoc #nightfuryart #nightfury #nightfurytoothless #nightfuryoc #nightfurydrawing #oc #ocdragon #dragonoc #myart #redraw #howtotrainyourdragon3 #howtotrainyourdragon #howtotrainyourdragonthehiddenworld #fire #lava #random",86,2,"['toothless', 'toothlessthedragon', 'toothlessandlightfury', 'toohlessoc', 'nightfuryart', 'nightfury', 'nightfurytoothless', 'nightfuryoc', 'nightfurydrawing', 'oc', 'ocdragon', 'dragonoc', 'myart', 'redraw', 'howtotrainyourdragon3', 'howtotrainyourdragon', 'howtotrainyourdragonthehiddenw', 'fire', 'lava', 'random']"
2019-04-17 21:09:20,"I wanted to draw them in my favorite outfits from the concept art ü§ô
.
.
.
.
.
.
.
üö´Please Don't Repostüö´
Pose references from Kibbitzer on patreon üôè
#httyd3 #howtotrainyourdragonthehiddenworld #howtotrainyourdragon #httyd #hiccstrid #hiccup #astrid #hiccuphaddock #astridhofferson",56,1,"['httyd3', 'howtotrainyourdragonthehiddenw', 'howtotrainyourdragon', 'httyd', 'hiccstrid', 'hiccup', 'astrid', 'hiccuphaddock', 'astridhofferson']"
2019-04-17 23:14:15,"#thecurseoflallorona 
#üò±
#ÂÖ©‰∫∫ÂåÖÂ†¥imaxÂª≥",0,0,"['thecurseoflallorona', 'ÂÖ©‰∫∫ÂåÖÂ†¥imaxÂª≥']"
2019-04-17 23:13:10,"Chucky it took a few days to draw this but i finally decided to post it.
.
.
.
.
.
.
.
.
.
. #chucky #childsplay #childsplaymovie #childsplay2 #childsplay3 #childsplay2019 #chucky2019 #chuckyremake #childsplayremake #anabellecreation #anabelle2 #anabellecomeshome #thenunmovie #lallorona #thecounjuring1 #thecounjuring2 #theconjuring3 #thecurseoflallorona #horrormovies #horrorstories #horrorart #haunted #demon #darkart #horrorsketches #horrorsketch",3,0,"['chucky', 'childsplay', 'childsplaymovie', 'childsplay2', 'childsplay3', 'childsplay2019', 'chucky2019', 'chuckyremake', 'childsplayremake', 'anabellecreation', 'anabelle2', 'anabellecomeshome', 'thenunmovie', 'lallorona', 'thecounjuring1', 'thecounjuring2', 'theconjuring3', 'thecurseoflallorona', 'horrormovies', 'horrorstories', 'horrorart', 'haunted', 'demon', 'darkart', 'horrorsketches', 'horrorsketch']"
2019-04-17 23:06:09,"N√£o se desespere: amanh√£ chega aos cinemas o terror ""A maldi√ß√£o da Chorona"", do mesmo universo de Invoca√ß√£o do Mal. A cr√≠tica vc confere no site (link na bio) #lallorona #llorona #thecurseoflallorona #terror #suspense #invoca√ß√£odomal #chorona #cinema #estreia",12,1,"['lallorona', 'llorona', 'thecurseoflallorona', 'terror', 'suspense', 'invoca√ß√£odomal', 'chorona', 'cinema', 'estreia']"
2019-04-17 22:55:39,"Starts Friday! The Curse of La Llorona!
‚Ä¢ ‚Ä¢ ‚Ä¢
#TheCurseOfLaLlorona #LaLlorona #Cinema33 #MovieTheater",1,0,"['thecurseoflallorona', 'lallorona', 'cinema33', 'movietheater']"
2019-04-17 22:51:03,Nous sommes √† la projection sp√©ciale du film The Curse of La Llorona ! üëøüëª @lalloronamovie #thecurseoflallorona #horreurqc #horreur #horrormovies #cinema #conjuringuniverse #film #movie #ghost,8,0,"['thecurseoflallorona', 'horreurqc', 'horreur', 'horrormovies', 'cinema', 'conjuringuniverse', 'film', 'movie', 'ghost']"
2019-04-17 23:18:16,#firstclass #kalank,0,0,"['firstclass', 'kalank']"
2019-04-17 23:18:13,#Morning #Sunrise #India #Happy #peace #nature #flower #love #travel #photography #Insta #Yoga #art #sunday #Evening #vintage #summer #Cloudy #shopping #enjoy #eat #lifestyle #Fitness #Like #follow #Sky #colorful #kalank #justin,6,0,"['morning', 'sunrise', 'india', 'happy', 'peace', 'nature', 'flower', 'love', 'travel', 'photography', 'insta', 'yoga', 'art', 'sunday', 'evening', 'vintage', 'summer', 'cloudy', 'shopping', 'enjoy', 'eat', 'lifestyle', 'fitness', 'like', 'follow', 'sky', 'colorful', 'kalank', 'justin']"
2019-04-17 23:12:15,"‚ú®
.
.
.
.
.
.
.
.
.
.
.
.
#kalank #kalanktitletrack #kalankmovie #kalanksong #kalankteaserlaunch #kalankteaser #kalank #kritisanon #alia #varun #sonakshi #teamofkalank #bollywood #bollywoodmovie #bollywoodsong #bollywooddance",4,1,"['kalank', 'kalanktitletrack', 'kalankmovie', 'kalanksong', 'kalankteaserlaunch', 'kalankteaser', 'kalank', 'kritisanon', 'alia', 'varun', 'sonakshi', 'teamofkalank', 'bollywood', 'bollywoodmovie', 'bollywoodsong', 'bollywooddance']"
2019-04-17 23:11:16,".
.
ŸáŸÜŸàÿ≤ŸÖ ŸáŸÖŸàŸÜŸÇÿØÿ± ÿ®ÿßŸÖÿ≤ÿ≥ÿ™üòçü§©ÿßÿÆŸá ⁄Üÿ∑Ÿàÿ± ŸÖŸÖŸÉŸÜŸáÿüüò≠
.
.
Baharüåô
.
.
.
.
#alia_pic #fun #bollywood #varundhawan #aliabhatt #alia #varun #valia #varia #badrinathkidulhania #badrikidulhania #kalank #humptysharmakidulhania #studentoftheyear #cute",3,1,"['alia_pic', 'fun', 'bollywood', 'varundhawan', 'aliabhatt', 'alia', 'varun', 'valia', 'varia', 'badrinathkidulhania', 'badrikidulhania', 'kalank', 'humptysharmakidulhania', 'studentoftheyear', 'cute']"
2019-04-17 23:08:08,"–ü–û–õ–ù–ê–Ø –í–ï–†–°–ò–Ø –ü–ï–°–ù–ò üéµüé∂üéµ ""First Class""  –∏–∑ —Ñ–∏–ª—å–º–∞ üé•üé•üé• ""KALANK""
____________________________________________________@arijitsingh @neetimohan18
@varundvn @aliaabhatt @adityaroykapur @madhuridixitnene @aslisona  @duttsanjay
‚ù§Ô∏èüåπ‚ù§Ô∏èüåπ‚ù§Ô∏èüåπ‚ù§Ô∏èüåπ‚ù§Ô∏èüåπ‚ù§Ô∏èüåπ‚ù§Ô∏èüåπ‚ù§Ô∏èüåπ‚ù§Ô∏èüåπ‚ù§Ô∏èüåπ
__________________________________________________________#bollywood #india #–±–æ–ª–ª–∏–≤—É–¥ #–≤–∞—Ä—É–Ω–¥—Ö–∞–≤–∞–Ω #–∞–ª–∏—è–±—Ö–∞—Ç—Ç #–º–∞–¥—Ö—É—Ä–∏–¥–∏–∫—à–∏—Ç #–∞–¥–∏—Ç—å—è—Ä–æ–π–∫–∞–ø—É—Ä #—Å–æ–Ω–∞–∫—à–∏—Å–∏–Ω—Ö–∞ #–∞–Ω–∏–ª–∫–∞–ø—É—Ä #kalank #firstclass #anilkapoor #adityaroykapur #aliabhat #sonakshi #madhuri #madhuridixitnene #varundhavan #newfilm #bollywoodfilm #newmusic",6,0,"['bollywood', 'india', '–±–æ–ª–ª–∏–≤—É–¥', '–≤–∞—Ä—É–Ω–¥—Ö–∞–≤–∞–Ω', '–∞–ª–∏—è–±—Ö–∞—Ç—Ç', '–º–∞–¥—Ö—É—Ä–∏–¥–∏–∫—à–∏—Ç', '–∞–¥–∏—Ç—å—è—Ä–æ–π–∫–∞–ø—É—Ä', '—Å–æ–Ω–∞–∫—à–∏—Å–∏–Ω—Ö–∞', '–∞–Ω–∏–ª–∫–∞–ø—É—Ä', 'kalank', 'firstclass', 'anilkapoor', 'adityaroykapur', 'aliabhat', 'sonakshi', 'madhuri', 'madhuridixitnene', 'varundhavan', 'newfilm', 'bollywoodfilm', 'newmusic']"
2019-04-17 20:43:00,"What do you see? 
#UnderTheSilverLake opens Friday in NY/LA!",72,1,['underthesilverlake']
2019-04-17 16:00:35,"'‡πÅ‡∏≠‡∏ô‡∏î‡∏£‡∏π‡∏ß‡πå ‡∏Å‡∏≤‡∏£‡πå‡∏ü‡∏µ‡∏•‡∏î‡πå' ‡∏•‡∏á‡∏ó‡∏∏‡∏ô‡∏™‡∏•‡∏±‡∏î‡∏Ñ‡∏£‡∏≤‡∏ö‡∏Ñ‡∏ß‡∏≤‡∏°‡∏´‡∏•‡πà‡∏≠
‡∏ó‡∏∏‡πà‡∏°‡πÄ‡∏ó‡πÄ‡∏û‡∏∑‡πà‡∏≠‡∏ö‡∏ó‡∏ö‡∏≤‡∏ó‡∏ô‡∏µ‡πâ ‡∏ó‡∏µ‡πà‡∏°‡∏µ‡πÅ‡∏ï‡πà‡∏Ñ‡∏ß‡∏≤‡∏°‡πÄ‡∏ã‡∏≠‡∏£‡πå ‡πÄ‡∏û‡∏µ‡πâ‡∏¢‡∏ô ‡∏ö‡πâ‡∏≤!!
‡∏°‡∏≤‡∏£‡πà‡∏ß‡∏°‡∏û‡∏¥‡∏™‡∏π‡∏à‡∏ô‡πå‡∏Å‡∏≤‡∏£‡∏ï‡∏≤‡∏°‡∏Ñ‡∏î‡∏µ‡∏Ñ‡∏ô‡∏´‡∏≤‡∏¢ ‡∏ó‡∏µ‡πà‡πÄ‡∏Å‡∏¥‡∏ô‡∏à‡∏∞‡∏Ñ‡∏≤‡∏î‡πÄ‡∏î‡∏≤

#UnderTheSilverLake #‡∏´‡∏≤‡∏¢‡∏ô‡∏∞‡∏´‡∏≤‡∏¢
18 ‡πÄ‡∏°.‡∏¢. ‡∏ô‡∏µ‡πâ ‡∏ó‡∏µ‡πà #SFcinemaüçø‚ù§Ô∏è",131,0,"['underthesilverlake', '‡∏´‡∏≤‡∏¢‡∏ô‡∏∞‡∏´‡∏≤‡∏¢', 'sfcinema']"
2019-04-17 14:25:37,"‚ÄúA stroke of genius.‚Äù (@theavc) 
#UnderTheSilverLake opens this Friday in Select Theaters!",190,1,['underthesilverlake']
2019-04-17 13:20:19,"Under the Silver Lake elokuvateattereissa perjantaina 19.4.2019, kurkkaa traileri biosta! ‚¨ÜÔ∏è‚¨ÜÔ∏è",21,1,[]
2019-04-17 12:51:47,"‡∏û‡∏£‡∏∏‡πà‡∏á‡∏ô‡∏µ‡πâ! ‡πÄ‡∏ï‡∏£‡∏µ‡∏¢‡∏°‡πÑ‡∏Ç‡∏Ñ‡∏î‡∏µ‡∏Ñ‡∏ô‡∏´‡∏≤‡∏¢‡∏ä‡πá‡∏≠‡∏Ñ‡πÇ‡∏•‡∏Å
‡∏ó‡∏µ‡πà‡πÄ‡∏£‡∏≤‡πÄ‡∏ä‡∏∑‡πà‡∏≠‡∏ß‡πà‡∏≤ ‡πÑ‡∏°‡πà‡∏°‡∏µ‡πÉ‡∏Ñ‡∏£‡∏™‡∏≤‡∏°‡∏≤‡∏£‡∏ñ‡πÄ‡∏î‡∏≤‡∏ï‡∏≠‡∏ô‡∏à‡∏ö‡∏ñ‡∏π‡∏Å!
#UnderTheSilverLake ‡∏´‡∏≤‡∏¢‡∏ô‡∏∞‡∏´‡∏≤‡∏¢
‡∏û‡∏§‡∏´‡∏±‡∏™‡∏ô‡∏µ‡πâ‡πÉ‡∏ô‡πÇ‡∏£‡∏á‡∏†‡∏≤‡∏û‡∏¢‡∏ô‡∏ï‡∏£‡πå",591,0,['underthesilverlake']
2019-04-17 23:04:06,"It's a Problem Free Philosophy!
#funkopop #lionking #disney #simba #pumbaa #scar #rafiki
@hottopic",8,0,"['funkopop', 'lionking', 'disney', 'simba', 'pumbaa', 'scar', 'rafiki']"
2019-04-17 22:36:40,"The Lion King üíõ
Credits: @disney_daydreamer808 
QOTD: Do you prefer 2D or 3D animation?
AOTD: Both
.
.
.
.
#disney #disneyart #disneyfanart #thelionking #lionking #simba #disneythelionking #disneyliveaction #thelionkingliveaction #liveaction #rafiki #thecircleoflife #circleoflife #disneyanimation #nala #mufasa #timon #pumba #scar",7,0,"['disney', 'disneyart', 'disneyfanart', 'thelionking', 'lionking', 'simba', 'disneythelionking', 'disneyliveaction', 'thelionkingliveaction', 'liveaction', 'rafiki', 'thecircleoflife', 'circleoflife', 'disneyanimation', 'nala', 'mufasa', 'timon', 'pumba', 'scar']"
2019-04-17 21:44:50,"When your #dog is hungry and you're ignoring him
#Rafiki #chocolatelab #boxador #amourdechien #doglover #ilovemydogs #chiens #dogstagram #instadog #shamelessdog #labrador",11,1,"['dog', 'rafiki', 'chocolatelab', 'boxador', 'amourdechien', 'doglover', 'ilovemydogs', 'chiens', 'dogstagram', 'instadog', 'shamelessdog', 'labrador']"
2019-04-17 20:57:07,"""Oh yes, the past can hurt. But, you can either run from it or, learn from it.""",20,1,[]
2019-04-17 20:56:42,"Wed, Apr 24, 7pm | Ruth Sokolof: RAFIKI is a tender love story between two young women in a country that still criminalizes homosexuality. Bursting with the colorful street style & music of Nairobi‚Äôs vibrant youth culture, the story centers on Kena and Ziki, Kenyan girls who long for something more than traditional marriage. When love blossoms between them, they will choose between happiness and safety. 
Post-show discussion presented with @AFROMAHA.
#rafiki #WanuriKahiu #queerfilm",23,0,"['rafiki', 'wanurikahiu', 'queerfilm']"
2019-04-17 19:41:02,"–î–∏–º–∫–∞, —Ç–µ–ø–µ—Ä—å –±–ª–æ–Ω–¥–∏–Ω–∫–∞ üòâ

#margohair #margohairstyle #–º—É–∂—Å–∫–æ–π—Å—Ç–∏–ª—å #–º—É–∂—Å–∫–∏–µ—Å—Ç—Ä–∏–∂–∫–∏ #–º—É–∂—Å–∫–æ–π–º–∏—Ä #—Å—Ç—Ä–∏–∂–∫–∏—Å–ø–± #–æ–∫—Ä–∞—à–∏–≤–∞–Ω–∏–µ–≤–æ–ª–æ—Å #–ø–µ–ø–µ–ª—å–Ω—ã–π–±–ª–æ–Ω–¥ #—Å–ø–± #–Ω–µ–≤—Å–∫–∏–π #dmsk4 #fastcolor",7,2,"['margohair', 'margohairstyle', '–º—É–∂—Å–∫–æ–π—Å—Ç–∏–ª—å', '–º—É–∂—Å–∫–∏–µ—Å—Ç—Ä–∏–∂–∫–∏', '–º—É–∂—Å–∫–æ–π–º–∏—Ä', '—Å—Ç—Ä–∏–∂–∫–∏—Å–ø–±', '–æ–∫—Ä–∞—à–∏–≤–∞–Ω–∏–µ–≤–æ–ª–æ—Å', '–ø–µ–ø–µ–ª—å–Ω—ã–π–±–ª–æ–Ω–¥', '—Å–ø–±', '–Ω–µ–≤—Å–∫–∏–π', 'dmsk4', 'fastcolor']"
2019-04-17 19:33:27,"Wavy or curly? Comment your thoughts below! ‚ú®
‚ú®
‚ú®
‚ú®
‚ú®
‚ú®
‚ú®
‚ú®
‚ú®
‚ú®
‚ú®
‚ú®
 @hairbystefaniesavino #repost
#perfecthair #hairprofessional #shinehair #volumehair #behindthechair #hairstylist #hairstylistlife #fashionhairstyle #haireducation #ittakesapro #perfecthairstyle #perfecthairday
#greatcolor #beautycare #beautifulhairstyle #gorgeouscolor #fastcolor #thebestforcolor #hairfordays #besthair #awesomestylists #njhairstylists #njhair #hairdressermagic #balayage",8,1,"['repost', 'perfecthair', 'hairprofessional', 'shinehair', 'volumehair', 'behindthechair', 'hairstylist', 'hairstylistlife', 'fashionhairstyle', 'haireducation', 'ittakesapro', 'perfecthairstyle', 'perfecthairday', 'greatcolor', 'beautycare', 'beautifulhairstyle', 'gorgeouscolor', 'fastcolor', 'thebestforcolor', 'hairfordays', 'besthair', 'awesomestylists', 'njhairstylists', 'njhair', 'hairdressermagic', 'balayage']"
2019-04-17 19:20:16,"#repost @gugumbatharaw
„Éª„Éª„Éª
#fastcolormovie opens in select US theatres on Friday! Click link in bio to find a theatre near you and buy tickets! üôÜüèΩ#femalefilmmakerfriday  #fastcolor #fastcolormovie #friday @juliamhhart",13,1,"['repost', 'fastcolormovie', 'femalefilmmakerfriday', 'fastcolor', 'fastcolormovie', 'friday']"
2019-04-17 18:02:26,"Latest article on This Week in POC Culture is up! Featuring #FastColor #Shuri #Homecoming & #startrekdiscovery! Link in the bio! What are you looking forward to this week?
‚Ä¢
‚Ä¢
#representationmatters #diversity #startrek #beyonce #blackpanther #marvel #marvelcomics @startrek",10,0,"['fastcolor', 'shuri', 'homecoming', 'startrekdiscovery', 'representationmatters', 'diversity', 'startrek', 'beyonce', 'blackpanther', 'marvel', 'marvelcomics']"
2019-04-17 17:00:34,Now showing #newmovies  #little #kalank #petsematary #fastcolor #bollywood #hollywood  #trinidadandtobago,26,2,"['newmovies', 'little', 'kalank', 'petsematary', 'fastcolor', 'bollywood', 'hollywood', 'trinidadandtobago']"
2019-04-17 23:18:27,"""Prey have their eyes on the sides of their head, in order to prevent predators from approaching them-eventually failing. üê¢"" ---------------------------------- #art #artist #bunny #watercolor #redhair #portrait #prey #animal #animals #eyes #cute #beautiful #colorful #person #girl #cute #cuteart #watercolorart #watercolour #bunnys #follow #tired #bell #collar #stuck #leave #predator",3,0,"['art', 'artist', 'bunny', 'watercolor', 'redhair', 'portrait', 'prey', 'animal', 'animals', 'eyes', 'cute', 'beautiful', 'colorful', 'person', 'girl', 'cute', 'cuteart', 'watercolorart', 'watercolour', 'bunnys', 'follow', 'tired', 'bell', 'collar', 'stuck', 'leave', 'predator']"
2019-04-17 23:17:14,"She‚Äôs just a good girl with a dirty side ü§ûüèº#wcw#olegirl#dirty
‚Ä¢
‚Ä¢
‚Ä¢
#gmc#gmcsierra#4x4
#sierra#lifted#leveled#stanced#kmc#lfl#f4f#comment#like#likeitup#x#stuck#oops#jk#shedontgetstuck#kmc#federals#35s#20x10#duramax#ford#chevy#cummins",18,5,"['wcw', 'olegirl', 'dirty', 'gmc', 'gmcsierra', '4x4', 'sierra', 'lifted', 'leveled', 'stanced', 'kmc', 'lfl', 'f4f', 'comment', 'like', 'likeitup', 'x', 'stuck', 'oops', 'jk', 'shedontgetstuck', 'kmc', 'federals', '35s', '20x10', 'duramax', 'ford', 'chevy', 'cummins']"
2019-04-17 23:11:57,"I want to help you help yourself! Are you #stuck in a dead end #career and you‚Äôre #unsure of your next move? Let me help you #plan you #exitstrategy, the #FirstStep is hard, but we make it #easy! Call today 941-479-0029",0,0,"['stuck', 'career', 'unsure', 'plan', 'exitstrategy', 'firststep', 'easy']"
2019-04-17 23:11:27,"And I can't get out of it.
.
.
.
.
.
#WritersOfInstagram #Writing #WritersOfIG #WritingCommunity #PoetsOfInstagram #PoetryOfInstagram #PoemsOfInstagram #Poetry #Poems #PoetryCommunity #PoetsOfIG #PoetryAddict #PoetryOfTheDay #MyPoems #PoetryPorn #InstaPoet #InstaPoem #Quotes #InsideThoughts #OCD #SpinningThoughts #Radio #Stuck #Love #LovePoems #SadPoems #InspirationalPoems #ShortPoems #OneLiners",9,3,"['writersofinstagram', 'writing', 'writersofig', 'writingcommunity', 'poetsofinstagram', 'poetryofinstagram', 'poemsofinstagram', 'poetry', 'poems', 'poetrycommunity', 'poetsofig', 'poetryaddict', 'poetryoftheday', 'mypoems', 'poetryporn', 'instapoet', 'instapoem', 'quotes', 'insidethoughts', 'ocd', 'spinningthoughts', 'radio', 'stuck', 'love', 'lovepoems', 'sadpoems', 'inspirationalpoems', 'shortpoems', 'oneliners']"
2019-04-17 23:07:07,#him #he #missyou #miss #heartbreak #gone #depression #person #poetry #poetsociety #reminders #remind #boys #boy #teen #breakup #betrayal #notoveryet #stillmissyou #poetsocietyofinstagram #poet #poetcommunityofinstagram #alone #getoverhim #stuck #stuckonyou #sad #heartbreak #leave,3,0,"['him', 'he', 'missyou', 'miss', 'heartbreak', 'gone', 'depression', 'person', 'poetry', 'poetsociety', 'reminders', 'remind', 'boys', 'boy', 'teen', 'breakup', 'betrayal', 'notoveryet', 'stillmissyou', 'poetsocietyofinstagram', 'poet', 'poetcommunityofinstagram', 'alone', 'getoverhim', 'stuck', 'stuckonyou', 'sad', 'heartbreak', 'leave']"
2019-04-17 23:19:21,"El suabisante de mi vida.
.
.
.
.
#teamo #instalike #like #amor #siguemeytesigo #cine #shazam #peli #mgxmg",1,0,"['teamo', 'instalike', 'like', 'amor', 'siguemeytesigo', 'cine', 'shazam', 'peli', 'mgxmg']"
2019-04-17 23:18:56,#shazam was a fantastic watch!  Really enjoyed the clever writing that doesn‚Äôt undermine an audiences knowledge of devices and tropes! Did this piece for SDCC and has more relevance today then when it was done a couple years back! GO SEE #captainmarvel ERRRRE #shazam,0,0,"['shazam', 'captainmarvel', 'shazam']"
2019-04-17 23:18:21,"Baby asher comiendo premio para perro por 5 d√≥lares, jajajajajaja lo amo muchoü§£ü§£üíì
.
.
.
.
.
#asherangel #asher #andimack #mexico #song #spotify #reto  #asherdovangel #dc #dccomics #music #onethoughtaway #retos  #shazamedit #shazam #cuteboy #ashannie #annieleblanc #loveit #ashannieedits #laughter #fan #instagram #fans #jackandasher",2,1,"['asherangel', 'asher', 'andimack', 'mexico', 'song', 'spotify', 'reto', 'asherdovangel', 'dc', 'dccomics', 'music', 'onethoughtaway', 'retos', 'shazamedit', 'shazam', 'cuteboy', 'ashannie', 'annieleblanc', 'loveit', 'ashannieedits', 'laughter', 'fan', 'instagram', 'fans', 'jackandasher']"
2019-04-17 23:17:51,"First look at #TheBoy #amazonprime original 
#amazon
#swampthing
#DCExtendedUniverse #dconline #dcuniverse #DoomPatrol
#titans 
#TheBatman
#teentitans #WW84 #aquaman #cosplay #shazam #thanos #harleyquinn #joker #jaredleto #dc #ReleaseTheSnyderCut  #zacksnyder",2,0,"['theboy', 'amazonprime', 'amazon', 'swampthing', 'dcextendeduniverse', 'dconline', 'dcuniverse', 'doompatrol', 'titans', 'thebatman', 'teentitans', 'ww84', 'aquaman', 'cosplay', 'shazam', 'thanos', 'harleyquinn', 'joker', 'jaredleto', 'dc', 'releasethesnydercut', 'zacksnyder']"
2019-04-17 23:17:36,"‚Ä™At long last we have not one but THREE #movie reviews on the #podcast today, as I am joined by @ThyKingdomKam to discuss #CaptainMarvel, #UsMovie, and #Shazam. #Marvel #DC and #horror all come together in this episode, link in bio or your fav #podcasting platform.
.
.
#podernfamily ‚Ä¨#avengers #justiceleague #mcu #dceu #marvelcomics #dccomics #love #video #gif #audio #geek #nerd",1,0,"['movie', 'podcast', 'captainmarvel', 'usmovie', 'shazam', 'marvel', 'dc', 'horror', 'podcasting', 'podernfamily', 'avengers', 'justiceleague', 'mcu', 'dceu', 'marvelcomics', 'dccomics', 'love', 'video', 'gif', 'audio', 'geek', 'nerd']"
2019-04-17 23:19:12,"Hoy en Rese√±as de #Turismo, tambi√©n les traemos la pel√≠cula del momento: #Dumbo .

Este remake hecho de la mano del incre√≠ble #TimBurton y con un guion escrito por Ehren Kruger, est√° basada en el relato hom√≥nimo escrito por Helen Aberson y Harold Pearl, y es en gran parte una adaptaci√≥n de la pel√≠cula animada de 1941 de #WaltDisney. Est√° protagonizada por Colin Farrell, Eva Green, Michael Keaton, Danny DeVito y Alan Arkin y se estren√≥ el 29 de marzo de este a√±o por Walt Disney Studios Motion Pictures. .

La pelicula cuenta como Dumbo, un peque√±o elefante nacido en el circo de Max Medici, con enormes orejas, se convierte r√°pidamente en el hazmerre√≠r de todos, excepto de dos ni√±os, los hijos de Holt Farrier; una ex estrella de circo que acaba de regresar de la guerra y que debe hacer frente a los cambios de su vida. Pero la vida de Dumbo cambia cuando descubre que gracias a sus grandes orejas puede volar. .

Me fui en l√°grimas viendo esta pel√≠cula y no miento. Cuando vi el tr√°iler ya lo ten√≠a asumido. Es asombroso como un animal hecho en CGI puede llegarle tanto al espectador. Y me saco el sombrero por Tim Burtonüëè No se us√≥ ning√∫n animal para la pel√≠cula. La historia es muy fuerte, y si bien es catalogada como pel√≠cula infantil, el mensaje que deja s√≥lo los grandes lo podemos percibir. Muestra de forma impl√≠cita la explotaci√≥n y maltrato de los animales, e incluso que tan basura puede ser el ser humano. Sin m√°s que eso, la historia al ser remake est√° un poco cambiada, pero as√≠ como est√° construido el guion es fenomenal. Es lineal, se entiende, tiene muchas (demasiadas) inflexiones porque hay escenas que son realmente desgarradoras, hay diversi√≥n, mucho entretenimiento y un muy buen final.
.

T√©cnicamente me parece que est√° bien lograda. La construcci√≥n de planos y paisajes en gr√°fico para algunas escenas es excelente, con una fotograf√≠a que parece real. La banda sonora es hermosa, claramente todos terminamos llorando en el cine por eso. Lo que s√≠, se me pas√≥ bastante r√°pido la pel√≠cula y lo que mostraron en el tr√°iler lleg√≥ enseguida, algo que siempre suele estar luego de los 30 minutos. 09/10pts vean este remake. Vale la pena. .
#cgi #disney #movie",0,0,"['turismo', 'dumbo', 'timburton', 'waltdisney', 'cgi', 'disney', 'movie']"
2019-04-17 23:19:08,"""Eu queria aqueles elefantes."" üêòüòúü§£ #ribeiraopreto #mestradivertida #funko #funkopop #funkomania #funkocommunity #funkocollector #memes #gameofthrones #guerradostronos #cerseilannister #elephants #elefantes #dumbo #geek #nerd #culturapop #tonoseriaveis",0,0,"['ribeiraopreto', 'mestradivertida', 'funko', 'funkopop', 'funkomania', 'funkocommunity', 'funkocollector', 'memes', 'gameofthrones', 'guerradostronos', 'cerseilannister', 'elephants', 'elefantes', 'dumbo', 'geek', 'nerd', 'culturapop', 'tonoseriaveis']"
2019-04-17 23:17:48,"Dumbo o novo filme da Disney.
...
..
.
#disney
#dumbo
#weimaraner 
#dogsofinstagram",4,0,"['disney', 'dumbo', 'weimaraner', 'dogsofinstagram']"
2019-04-17 23:17:29,"4 years ago, when I thought my ears were gonna make me fly üêò #dumbo #bluethedog #staffordshireterrier",1,0,"['dumbo', 'bluethedog', 'staffordshireterrier']"
2019-04-17 23:16:40,#VamosAlCirco #Dumbo #DoblajeMx,0,0,"['vamosalcirco', 'dumbo', 'doblajemx']"
2019-04-17 23:19:36,"New vlog is up !
Link in bio ‚ú®
#youtube #youtuber #smallyoutuber #vlog #vlogger #couplevideos #couplevlog #captainmarvel #moviedate #carridechronicles #carride #daywithmyboyfriend #promoter #subscribe #sub4sub #like #comment #share",0,0,"['youtube', 'youtuber', 'smallyoutuber', 'vlog', 'vlogger', 'couplevideos', 'couplevlog', 'captainmarvel', 'moviedate', 'carridechronicles', 'carride', 'daywithmyboyfriend', 'promoter', 'subscribe', 'sub4sub', 'like', 'comment', 'share']"
2019-04-17 23:19:16,"‚≠êÔ∏èüåü‚≠êÔ∏è
W A R R I O R.
#captainmarvel #funkopop #marvel #avengers",1,0,"['captainmarvel', 'funkopop', 'marvel', 'avengers']"
2019-04-17 23:19:13,"Part 2
7. Daredevil #25 [2013] 
8. All-New Ultimates #3 [2014]
9. Shadowman #8 [2013]
10. The Punisher War Journal #80 [1995]
11. Sub-Mariner #57 [1973]
12. Captain Marvel #1 [1968]

#marvel #comics #dc #dccomics #valiant #shadowman #issue #read #captainmarvel #60s #70s #marvelnow #ultimates #daredevil #mattmurdock #punisher #warjournal #frankcastle #namor #submariner",0,0,"['25', '3', '8', '80', '57', '1', 'marvel', 'comics', 'dc', 'dccomics', 'valiant', 'shadowman', 'issue', 'read', 'captainmarvel', '60s', '70s', 'marvelnow', 'ultimates', 'daredevil', 'mattmurdock', 'punisher', 'warjournal', 'frankcastle', 'namor', 'submariner']"
2019-04-17 23:18:56,#shazam was a fantastic watch!  Really enjoyed the clever writing that doesn‚Äôt undermine an audiences knowledge of devices and tropes! Did this piece for SDCC and has more relevance today then when it was done a couple years back! GO SEE #captainmarvel ERRRRE #shazam,0,0,"['shazam', 'captainmarvel', 'shazam']"
2019-04-17 23:18:54,"The End Game Sound Track |*Wich is your favorite #hero? Comment bellow and listen a fragment of the soundtrack and rise the hype with the animation of Rocket the Racoon. Repost on your profile and support me making mention of my account.üëç *¬øCu√°l es tu h√©roe favorito? Com√©ntanos y escucha un fragmento de la banda sonora y aumenta la fiebre con la animaci√≥n de Rocket El Mapache. Repostea en tu perfil y dame los cr√©ditos mencionando mi cuenta. üëç 
#AvengeTheFallen #Avengers #April26 #EndGame #BlackWidow #IronMan #CaptainAmerica #Hulk #AntMan #StarLord #Thor #IronPatriot #CaptainMarvel #Gamorra #Thor #CountDown #Style #Happy #FollowxFollow #TagsForLikes #FollowMe #Webstagram #InstaFollow #Photo #InstaLove #Design #Cute #SoundTrack #TheAvengers #RocketTheRacoon",0,0,"['hero', 'avengethefallen', 'avengers', 'april26', 'endgame', 'blackwidow', 'ironman', 'captainamerica', 'hulk', 'antman', 'starlord', 'thor', 'ironpatriot', 'captainmarvel', 'gamorra', 'thor', 'countdown', 'style', 'happy', 'followxfollow', 'tagsforlikes', 'followme', 'webstagram', 'instafollow', 'photo', 'instalove', 'design', 'cute', 'soundtrack', 'theavengers', 'rockettheracoon']"
2019-04-17 23:18:03,"Fucken shit yes
Barely made this acc abouta week ago
¬∞‚Ä¢¬∞‚Ä¢¬∞‚Ä¢¬∞‚Ä¢¬∞‚Ä¢‚Ä¢¬∞‚Ä¢¬∞‚Ä¢¬∞‚Ä¢‚Ä¢‚Ä¢‚Ä¢¬∞‚Ä¢‚Ä¢‚Ä¢¬∞‚Ä¢¬∞‚Ä¢‚Ä¢¬∞‚Ä¢¬∞‚Ä¢¬∞‚Ä¢¬∞‚Ä¢¬∞¬∞‚Ä¢‚Ä¢¬∞‚Ä¢¬∞‚Ä¢‚Ä¢‚Ä¢
Tagz cuz me want to be FaMoUzE
#awdw #fivefeetapart #sli #ksgshotgun #babe #mylove #meme #mexicanmemes #blackpink #embroidery #hastag Livin life üòé
#strangerthings#onmyblock #anxiety#food#pretty#nolife#stinkyfeet#puppies#asmr#mexican#puroganggang#memes#vines#instagram#explorepage#ducktales",1,0,"['awdw', 'fivefeetapart', 'sli', 'ksgshotgun', 'babe', 'mylove', 'meme', 'mexicanmemes', 'blackpink', 'embroidery', 'hastag', 'strangerthings', 'onmyblock', 'anxiety', 'food', 'pretty', 'nolife', 'stinkyfeet', 'puppies', 'asmr', 'mexican', 'puroganggang', 'memes', 'vines', 'instagram', 'explorepage', 'ducktales']"
2019-04-17 23:11:28,"Poe is out! Down to the last two...it‚Äôs gonna be hard...ü§î
‚Ä¢
‚Ä¢
‚Ä¢
Rules: 
1. DO NOT COMMENT 
2. Like the comment of who you want out (be sure to check them comments) üíñ
‚Ä¢
‚Ä¢
‚Ä¢
#colesprouse #haleylurichardson #bestcouple #fivefeetapart #love #game #eliminationgame #elimination",3,3,"['colesprouse', 'haleylurichardson', 'bestcouple', 'fivefeetapart', 'love', 'game', 'eliminationgame', 'elimination']"
2019-04-17 23:09:46,"Omfgüòªüòª..he is so precious
‚Ä¢
‚Ä¢
‚Ä¢
ignore tags:üèµ
#colesprouse #cole #sprouse #precious #riverdale #jugheadjones #jughead #jones #smile #tumblr #wallpaper #wallpapers #hearts #emoji #blackandwhite #black #whitehair #text #chats #love #fivefeetapart",7,3,"['colesprouse', 'cole', 'sprouse', 'precious', 'riverdale', 'jugheadjones', 'jughead', 'jones', 'smile', 'tumblr', 'wallpaper', 'wallpapers', 'hearts', 'emoji', 'blackandwhite', 'black', 'whitehair', 'text', 'chats', 'love', 'fivefeetapart']"
2019-04-17 23:08:39,"Cuenta de seguridad : @selfcaredaylyy
_
-

#frasessad #frases#wattpad #wattpadespa√±ol#wattpader
#frasessad #frases#wattpad #wattpadespa√±ol#wattpad#frasestumblr#citasdeamor#desmotivaciones#decepci√≥n#letrasenverso#desamor#escritosad#olvidar#desilusion#frasesdetodo#frasestriste#extra√±andote#escritosdenovios__#llorar#frasesdelalma#escritosdeinstagram#decepci√≥n#tumblr#merompisteelcorazon#elcorazon#roto#sad#fivefeetapart#netflixseries",45,0,"['frasessad', 'frases', 'wattpad', 'wattpadespa√±ol', 'wattpader', 'frasessad', 'frases', 'wattpad', 'wattpadespa√±ol', 'wattpad', 'frasestumblr', 'citasdeamor', 'desmotivaciones', 'decepci√≥n', 'letrasenverso', 'desamor', 'escritosad', 'olvidar', 'desilusion', 'frasesdetodo', 'frasestriste', 'extra√±andote', 'escritosdenovios__', 'llorar', 'frasesdelalma', 'escritosdeinstagram', 'decepci√≥n', 'tumblr', 'merompisteelcorazon', 'elcorazon', 'roto', 'sad', 'fivefeetapart', 'netflixseries']"
2019-04-17 23:08:17,".
.
.
.
#memes #meme #dankmemes #dank #lmao #lol #dailymemes  #daily #follow #funnymemes #funny #deadaf #fivefeetapart #vine #subscribetopewdiepie",9,0,"['memes', 'meme', 'dankmemes', 'dank', 'lmao', 'lol', 'dailymemes', 'daily', 'follow', 'funnymemes', 'funny', 'deadaf', 'fivefeetapart', 'vine', 'subscribetopewdiepie']"
2019-04-17 23:14:50,"Happy birthday to the woman who has inspired me since I was a little girl everything about is so magical I hope today is the best day coz you honestly deserve it -
-
-
-
üéàüåàüêÇüé§üí´üê∂üç¨üêãüç´üëøüëªüíôüç©üòÄüëÄüíú‚ù§Ô∏èüá¶üá∫üíåüå∏üêúüéÉü¶Ñüí¶üíóüç™üï∑
-
-
-
-
#jennifergarner #13goingon30 #miraclesfromheaven #theoddlifeoftimothygreen #peppermint #mrfuzzypants #lovesimon #alexanderandtheterriblehorriblenogoodverybadday #valentinesday #catchandrelease #ghostsofagirlfriendspast #wonderpark #movies #movieedits #dvdcollection #moviescenes #watchingmovies #tumblr #aesthetic #disney #disneymovies #disneyedits #romcoms #00smovies #comedymovies #romancemovies #followforfollowback",4,0,"['jennifergarner', '13goingon30', 'miraclesfromheaven', 'theoddlifeoftimothygreen', 'peppermint', 'mrfuzzypants', 'lovesimon', 'alexanderandtheterriblehorribl', 'valentinesday', 'catchandrelease', 'ghostsofagirlfriendspast', 'wonderpark', 'movies', 'movieedits', 'dvdcollection', 'moviescenes', 'watchingmovies', 'tumblr', 'aesthetic', 'disney', 'disneymovies', 'disneyedits', 'romcoms', '00smovies', 'comedymovies', 'romancemovies', 'followforfollowback']"
2019-04-17 23:10:43,"Wonderpark

@shazammovie @wonderparkmovie @littlethemovie",1,1,[]
2019-04-17 23:08:55,New stuff of immigration #wonderpark#brandnew,2,0,"['wonderpark', 'brandnew']"
2019-04-17 23:04:15,"Shazam!

@shazammovie @wonderparkmovie @littlethemovie",3,1,[]
2019-04-17 23:02:57,"HOY . 18 30 HS. HOY 
#parquemagico #wonderpark #wonderparkmovie #cinearenas #sanbernardodeltuyu #partidodelacosta #notepierdaselestreno #juevedecine #jueves #juevesdecineüé¨ #juevessanto #semanasantaenlacosta #semanasanta #Venialcine #veniconlafamilia",2,0,"['parquemagico', 'wonderpark', 'wonderparkmovie', 'cinearenas', 'sanbernardodeltuyu', 'partidodelacosta', 'notepierdaselestreno', 'juevedecine', 'jueves', 'juevesdecine', 'juevessanto', 'semanasantaenlacosta', 'semanasanta', 'venialcine', 'veniconlafamilia']"
